{
  "tag_acc": 0.9744877394,
  "ents_p": 0.8332704933,
  "ents_r": 0.8147043836,
  "ents_f": 0.8238828554,
  "sents_p": 0.943301134,
  "sents_r": 0.9535794607,
  "sents_f": 0.9421398879,
  "speed": 11947.0165594639,
  "ents_per_type": {
    "LOC": {
      "p": 0.8525470454,
      "r": 0.8517303317,
      "f": 0.8521384929
    },
    "PER": {
      "p": 0.8575929139,
      "r": 0.8879591547,
      "f": 0.8725119034
    },
    "MISC": {
      "p": 0.7925331819,
      "r": 0.6970472564,
      "f": 0.7417297728
    },
    "ORG": {
      "p": 0.7720930233,
      "r": 0.7236921227,
      "f": 0.7471094902
    }
  },
  "token_acc": 0.9998017682,
  "pos_acc": 0.9804411318,
  "morph_acc": 0.9078222257,
  "lemma_acc": 0.7342764075,
  "dep_uas": 0.9185298714,
  "dep_las": 0.8974418692,
  "morph_per_feat": {
    "Case": {
      "p": 0.9133631369,
      "r": 0.9151129219,
      "f": 0.9142371922
    },
    "Definite": {
      "p": 0.9954395166,
      "r": 0.9957801095,
      "f": 0.9956097839
    },
    "Gender": {
      "p": 0.928116622,
      "r": 0.9379656807,
      "f": 0.93301516
    },
    "Number": {
      "p": 0.970409132,
      "r": 0.9708362289,
      "f": 0.9706226334
    },
    "PronType": {
      "p": 0.9913064673,
      "r": 0.989297008,
      "f": 0.9903007183
    },
    "Degree": {
      "p": 0.9738366989,
      "r": 0.9680572526,
      "f": 0.9709383754
    },
    "VerbForm": {
      "p": 0.9546963693,
      "r": 0.9571566627,
      "f": 0.955924933
    },
    "Mood": {
      "p": 0.9656846334,
      "r": 0.9565577848,
      "f": 0.9610995419
    },
    "Person": {
      "p": 0.9761937909,
      "r": 0.9685082873,
      "f": 0.9723358525
    },
    "Tense": {
      "p": 0.9669129997,
      "r": 0.9577441358,
      "f": 0.962306728
    },
    "Reflex": {
      "p": 1.0,
      "r": 0.9976303318,
      "f": 0.9988137604
    },
    "Poss": {
      "p": 0.9979381443,
      "r": 1.0,
      "f": 0.9989680083
    },
    "Foreign": {
      "p": 0.6875,
      "r": 0.1105527638,
      "f": 0.1904761905
    }
  },
  "dep_las_per_type": {
    "cp": {
      "p": 0.9489051095,
      "r": 0.9506398537,
      "f": 0.9497716895
    },
    "nk": {
      "p": 0.9738781792,
      "r": 0.9792718684,
      "f": 0.9765675763
    },
    "sb": {
      "p": 0.9070251518,
      "r": 0.9172075075,
      "f": 0.9120879121
    },
    "ag": {
      "p": 0.9426096372,
      "r": 0.9624101714,
      "f": 0.9524070022
    },
    "mnr": {
      "p": 0.7235739928,
      "r": 0.7625052543,
      "f": 0.7425296766
    },
    "mo": {
      "p": 0.778234292,
      "r": 0.7855553308,
      "f": 0.7818776743
    },
    "oc": {
      "p": 0.9138033175,
      "r": 0.9286574353,
      "f": 0.9211704987
    },
    "root": {
      "p": 0.9697097181,
      "r": 0.9526761728,
      "f": 0.9611174815
    },
    "rc": {
      "p": 0.6718403548,
      "r": 0.6793721973,
      "f": 0.6755852843
    },
    "op": {
      "p": 0.7134831461,
      "r": 0.5678092399,
      "f": 0.6323651452
    },
    "pm": {
      "p": 0.9942528736,
      "r": 0.9942528736,
      "f": 0.9942528736
    },
    "nmc": {
      "p": 0.9793650794,
      "r": 0.9747235387,
      "f": 0.9770387965
    },
    "oa": {
      "p": 0.8475409836,
      "r": 0.8525725594,
      "f": 0.8500493259
    },
    "pd": {
      "p": 0.8218298555,
      "r": 0.7529411765,
      "f": 0.7858787414
    },
    "ep": {
      "p": 0.8273381295,
      "r": 0.8646616541,
      "f": 0.8455882353
    },
    "cd": {
      "p": 0.8703225806,
      "r": 0.8714470284,
      "f": 0.8708844416
    },
    "cj": {
      "p": 0.8452958293,
      "r": 0.8594674556,
      "f": 0.8523227384
    },
    "par": {
      "p": 0.5,
      "r": 0.318627451,
      "f": 0.3892215569
    },
    "da": {
      "p": 0.7622377622,
      "r": 0.5547073791,
      "f": 0.6421207658
    },
    "svp": {
      "p": 0.9447731755,
      "r": 0.9211538462,
      "f": 0.9328140214
    },
    "pg": {
      "p": 0.858974359,
      "r": 0.8535031847,
      "f": 0.8562300319
    },
    "app": {
      "p": 0.6454849498,
      "r": 0.6498316498,
      "f": 0.6476510067
    },
    "ac": {
      "p": 0.9326923077,
      "r": 0.8290598291,
      "f": 0.8778280543
    },
    "pnc": {
      "p": 0.8342391304,
      "r": 0.7974025974,
      "f": 0.8154050465
    },
    "ju": {
      "p": 0.9494949495,
      "r": 0.9494949495,
      "f": 0.9494949495
    },
    "ng": {
      "p": 0.8169761273,
      "r": 0.8191489362,
      "f": 0.818061089
    },
    "re": {
      "p": 0.6666666667,
      "r": 0.5833333333,
      "f": 0.6222222222
    },
    "dep": {
      "p": 0.0,
      "r": 0.0,
      "f": 0.0
    },
    "cm": {
      "p": 0.9024390244,
      "r": 0.8894230769,
      "f": 0.8958837772
    },
    "cc": {
      "p": 0.7797619048,
      "r": 0.6582914573,
      "f": 0.7138964578
    },
    "sbp": {
      "p": 0.8348623853,
      "r": 0.7844827586,
      "f": 0.8088888889
    },
    "uc": {
      "p": 0.6666666667,
      "r": 0.2666666667,
      "f": 0.380952381
    },
    "ams": {
      "p": 0.768115942,
      "r": 0.7794117647,
      "f": 0.7737226277
    },
    "rs": {
      "p": 0.6875,
      "r": 0.3548387097,
      "f": 0.4680851064
    },
    "cvc": {
      "p": 0.8269230769,
      "r": 0.5443037975,
      "f": 0.6564885496
    },
    "ph": {
      "p": 0.75,
      "r": 0.4285714286,
      "f": 0.5454545455
    },
    "dm": {
      "p": 0.0,
      "r": 0.0,
      "f": 0.0
    },
    "oa2": {
      "p": 0.0,
      "r": 0.0,
      "f": 0.0
    },
    "vo": {
      "p": 0.0,
      "r": 0.0,
      "f": 0.0
    },
    "og": {
      "p": 1.0,
      "r": 0.2857142857,
      "f": 0.4444444444
    },
    "adc": {
      "p": 1.0,
      "r": 1.0,
      "f": 1.0
    }
  }
}